/*
truncate Member;
truncate Teacher;
truncate Reservation;
truncate Lecture;
delete from Teacher where empno = 10;
select * from Member;
select * from Teacher;
select * from Reservation;
select * from Lecture;
*/

# 강사 넣기
insert into Teacher(empno, name, phone) values(1, '김선생', '010-3375-3379');
insert into Teacher(empno, name, phone) values(2, '한선생', '011-1111-1111');
insert into Teacher(empno, name, phone) values(3, '복선생', '010-777-7777');

insert into Member(email, name, pwd, phone) values('admin@aaa.com', '관리자', 'aaa', '019-9999-9999');
insert into Member(email, name, pwd, phone) values('gang@google.com', '강형욱', '1111', '010-231-5122');
insert into Member(email, name, pwd, phone) values('kim@hanmail.net', '김지민', '2222', '010-513-4482');
insert into Member(email, name, pwd, phone) values('klean@hanmail.net', '한지민', '3333', '010-513-4482');
insert into Member(email, name, pwd, phone) values('gojumon@hanmail.net', '고주몽', '4444', '010-487-3987');



# 강의넣기





insert into Lecture(empno, lecturetime, capacity) values(1, '2020-02-14 09:00:00', 5);
        insert into Lecture(empno, lecturetime, capacity) values(1, '2020-02-14 10:00:00', 5);
        insert into Lecture(empno, lecturetime, capacity) values(1, '2020-02-14 19:00:00', 5);
        insert into Lecture(empno, lecturetime, capacity) values(1, '2020-02-14 20:00:00', 5);
        insert into Lecture(empno, lecturetime, capacity) values(1, '2020-02-15 09:00:00', 5);
        insert into Lecture(empno, lecturetime, capacity) values(1, '2020-02-15 10:00:00', 5);
        insert into Lecture(empno, lecturetime, capacity) values(1, '2020-02-15 19:00:00', 5);
        insert into Lecture(empno, lecturetime, capacity) values(1, '2020-02-15 20:00:00', 5);
        insert into Lecture(empno, lecturetime, capacity) values(1, '2020-02-17 09:00:00', 5);
        insert into Lecture(empno, lecturetime, capacity) values(1, '2020-02-17 10:00:00', 5);
        insert into Lecture(empno, lecturetime, capacity) values(1, '2020-02-17 19:00:00', 5);
        insert into Lecture(empno, lecturetime, capacity) values(1, '2020-02-17 20:00:00', 5);
        insert into Lecture(empno, lecturetime, capacity) values(1, '2020-02-18 09:00:00', 5);
        insert into Lecture(empno, lecturetime, capacity) values(1, '2020-02-18 10:00:00', 5);
        insert into Lecture(empno, lecturetime, capacity) values(1, '2020-02-18 19:00:00', 5);
        insert into Lecture(empno, lecturetime, capacity) values(1, '2020-02-18 20:00:00', 5);
        insert into Lecture(empno, lecturetime, capacity) values(1, '2020-02-19 09:00:00', 5);
        insert into Lecture(empno, lecturetime, capacity) values(1, '2020-02-19 10:00:00', 5);
        insert into Lecture(empno, lecturetime, capacity) values(1, '2020-02-19 19:00:00', 5);
        insert into Lecture(empno, lecturetime, capacity) values(1, '2020-02-19 20:00:00', 5);
        insert into Lecture(empno, lecturetime, capacity) values(1, '2020-02-20 09:00:00', 5);
        insert into Lecture(empno, lecturetime, capacity) values(1, '2020-02-20 10:00:00', 5);
        insert into Lecture(empno, lecturetime, capacity) values(1, '2020-02-20 19:00:00', 5);
        insert into Lecture(empno, lecturetime, capacity) values(1, '2020-02-20 20:00:00', 5);
        insert into Lecture(empno, lecturetime, capacity) values(1, '2020-02-21 09:00:00', 5);
        insert into Lecture(empno, lecturetime, capacity) values(1, '2020-02-21 10:00:00', 5);
        insert into Lecture(empno, lecturetime, capacity) values(1, '2020-02-21 19:00:00', 5);
        insert into Lecture(empno, lecturetime, capacity) values(1, '2020-02-21 20:00:00', 5);
        insert into Lecture(empno, lecturetime, capacity) values(1, '2020-02-22 09:00:00', 5);
        insert into Lecture(empno, lecturetime, capacity) values(1, '2020-02-22 10:00:00', 5);
        insert into Lecture(empno, lecturetime, capacity) values(1, '2020-02-22 19:00:00', 5);
        insert into Lecture(empno, lecturetime, capacity) values(1, '2020-02-22 20:00:00', 5);
        insert into Lecture(empno, lecturetime, capacity) values(1, '2020-02-24 09:00:00', 5);
        insert into Lecture(empno, lecturetime, capacity) values(1, '2020-02-24 10:00:00', 5);
        insert into Lecture(empno, lecturetime, capacity) values(1, '2020-02-24 19:00:00', 5);
        insert into Lecture(empno, lecturetime, capacity) values(1, '2020-02-24 20:00:00', 5);
        insert into Lecture(empno, lecturetime, capacity) values(1, '2020-02-25 09:00:00', 5);
        insert into Lecture(empno, lecturetime, capacity) values(1, '2020-02-25 10:00:00', 5);
        insert into Lecture(empno, lecturetime, capacity) values(1, '2020-02-25 19:00:00', 5);
        insert into Lecture(empno, lecturetime, capacity) values(1, '2020-02-25 20:00:00', 5);
        insert into Lecture(empno, lecturetime, capacity) values(1, '2020-02-26 09:00:00', 5);
        insert into Lecture(empno, lecturetime, capacity) values(1, '2020-02-26 10:00:00', 5);
        insert into Lecture(empno, lecturetime, capacity) values(1, '2020-02-26 19:00:00', 5);
        insert into Lecture(empno, lecturetime, capacity) values(1, '2020-02-26 20:00:00', 5);
        insert into Lecture(empno, lecturetime, capacity) values(1, '2020-02-27 09:00:00', 5);
        insert into Lecture(empno, lecturetime, capacity) values(1, '2020-02-27 10:00:00', 5);
        insert into Lecture(empno, lecturetime, capacity) values(1, '2020-02-27 19:00:00', 5);
        insert into Lecture(empno, lecturetime, capacity) values(1, '2020-02-27 20:00:00', 5);
        insert into Lecture(empno, lecturetime, capacity) values(1, '2020-02-28 09:00:00', 5);
        insert into Lecture(empno, lecturetime, capacity) values(1, '2020-02-28 10:00:00', 5);
        insert into Lecture(empno, lecturetime, capacity) values(1, '2020-02-28 19:00:00', 5);
        insert into Lecture(empno, lecturetime, capacity) values(1, '2020-02-28 20:00:00', 5);
        insert into Lecture(empno, lecturetime, capacity) values(1, '2020-02-29 09:00:00', 5);
        insert into Lecture(empno, lecturetime, capacity) values(1, '2020-02-29 10:00:00', 5);
        insert into Lecture(empno, lecturetime, capacity) values(1, '2020-02-29 19:00:00', 5);
        insert into Lecture(empno, lecturetime, capacity) values(1, '2020-02-29 20:00:00', 5);
        insert into Lecture(empno, lecturetime, capacity) values(1, '2020-03-01 09:00:00', 5);
        insert into Lecture(empno, lecturetime, capacity) values(1, '2020-03-01 10:00:00', 5);
        insert into Lecture(empno, lecturetime, capacity) values(1, '2020-03-01 19:00:00', 5);
        insert into Lecture(empno, lecturetime, capacity) values(1, '2020-03-01 20:00:00', 5);
        insert into Lecture(empno, lecturetime, capacity) values(1, '2020-03-02 09:00:00', 5);
        insert into Lecture(empno, lecturetime, capacity) values(1, '2020-03-02 10:00:00', 5);
        insert into Lecture(empno, lecturetime, capacity) values(1, '2020-03-02 19:00:00', 5);
        insert into Lecture(empno, lecturetime, capacity) values(1, '2020-03-02 20:00:00', 5);
        insert into Lecture(empno, lecturetime, capacity) values(1, '2020-03-03 09:00:00', 5);
        insert into Lecture(empno, lecturetime, capacity) values(1, '2020-03-03 10:00:00', 5);
        insert into Lecture(empno, lecturetime, capacity) values(1, '2020-03-03 19:00:00', 5);
        insert into Lecture(empno, lecturetime, capacity) values(1, '2020-03-03 20:00:00', 5);
        insert into Lecture(empno, lecturetime, capacity) values(1, '2020-03-04 09:00:00', 5);
        insert into Lecture(empno, lecturetime, capacity) values(1, '2020-03-04 10:00:00', 5);
        insert into Lecture(empno, lecturetime, capacity) values(1, '2020-03-04 19:00:00', 5);
        insert into Lecture(empno, lecturetime, capacity) values(1, '2020-03-04 20:00:00', 5);
        insert into Lecture(empno, lecturetime, capacity) values(1, '2020-03-05 09:00:00', 5);
        insert into Lecture(empno, lecturetime, capacity) values(1, '2020-03-05 10:00:00', 5);
        insert into Lecture(empno, lecturetime, capacity) values(1, '2020-03-05 19:00:00', 5);
        insert into Lecture(empno, lecturetime, capacity) values(1, '2020-03-05 20:00:00', 5);
        insert into Lecture(empno, lecturetime, capacity) values(1, '2020-03-06 09:00:00', 5);
        insert into Lecture(empno, lecturetime, capacity) values(1, '2020-03-06 10:00:00', 5);
        insert into Lecture(empno, lecturetime, capacity) values(1, '2020-03-06 19:00:00', 5);
        insert into Lecture(empno, lecturetime, capacity) values(1, '2020-03-06 20:00:00', 5);
        insert into Lecture(empno, lecturetime, capacity) values(1, '2020-03-07 09:00:00', 5);
        insert into Lecture(empno, lecturetime, capacity) values(1, '2020-03-07 10:00:00', 5);
        insert into Lecture(empno, lecturetime, capacity) values(1, '2020-03-07 19:00:00', 5);
        insert into Lecture(empno, lecturetime, capacity) values(1, '2020-03-07 20:00:00', 5);
        insert into Lecture(empno, lecturetime, capacity) values(1, '2020-03-08 09:00:00', 5);
        insert into Lecture(empno, lecturetime, capacity) values(1, '2020-03-08 10:00:00', 5);
        insert into Lecture(empno, lecturetime, capacity) values(1, '2020-03-08 19:00:00', 5);
        insert into Lecture(empno, lecturetime, capacity) values(1, '2020-03-08 20:00:00', 5);
        insert into Lecture(empno, lecturetime, capacity) values(1, '2020-03-09 09:00:00', 5);
        insert into Lecture(empno, lecturetime, capacity) values(1, '2020-03-09 10:00:00', 5);
        insert into Lecture(empno, lecturetime, capacity) values(1, '2020-03-09 19:00:00', 5);
        insert into Lecture(empno, lecturetime, capacity) values(1, '2020-03-09 20:00:00', 5);
        insert into Lecture(empno, lecturetime, capacity) values(1, '2020-03-10 09:00:00', 5);
        insert into Lecture(empno, lecturetime, capacity) values(1, '2020-03-10 10:00:00', 5);
        insert into Lecture(empno, lecturetime, capacity) values(1, '2020-03-10 19:00:00', 5);
        insert into Lecture(empno, lecturetime, capacity) values(1, '2020-03-10 20:00:00', 5);
        insert into Lecture(empno, lecturetime, capacity) values(1, '2020-03-11 09:00:00', 5);
        insert into Lecture(empno, lecturetime, capacity) values(1, '2020-03-11 10:00:00', 5);
        insert into Lecture(empno, lecturetime, capacity) values(1, '2020-03-11 19:00:00', 5);
        insert into Lecture(empno, lecturetime, capacity) values(1, '2020-03-11 20:00:00', 5);
        insert into Lecture(empno, lecturetime, capacity) values(1, '2020-03-12 09:00:00', 5);
        insert into Lecture(empno, lecturetime, capacity) values(1, '2020-03-12 10:00:00', 5);
        insert into Lecture(empno, lecturetime, capacity) values(1, '2020-03-12 19:00:00', 5);
        insert into Lecture(empno, lecturetime, capacity) values(1, '2020-03-12 20:00:00', 5);
        insert into Lecture(empno, lecturetime, capacity) values(1, '2020-03-13 09:00:00', 5);
        insert into Lecture(empno, lecturetime, capacity) values(1, '2020-03-13 10:00:00', 5);
        insert into Lecture(empno, lecturetime, capacity) values(1, '2020-03-13 19:00:00', 5);
        insert into Lecture(empno, lecturetime, capacity) values(1, '2020-03-13 20:00:00', 5);
        insert into Lecture(empno, lecturetime, capacity) values(1, '2020-03-14 09:00:00', 5);
        insert into Lecture(empno, lecturetime, capacity) values(1, '2020-03-14 10:00:00', 5);
        insert into Lecture(empno, lecturetime, capacity) values(1, '2020-03-14 19:00:00', 5);
        insert into Lecture(empno, lecturetime, capacity) values(1, '2020-03-14 20:00:00', 5);
        insert into Lecture(empno, lecturetime, capacity) values(1, '2020-03-15 09:00:00', 5);
        insert into Lecture(empno, lecturetime, capacity) values(1, '2020-03-15 10:00:00', 5);
        insert into Lecture(empno, lecturetime, capacity) values(1, '2020-03-15 19:00:00', 5);
        insert into Lecture(empno, lecturetime, capacity) values(1, '2020-03-15 20:00:00', 5);
        insert into Lecture(empno, lecturetime, capacity) values(1, '2020-03-16 09:00:00', 5);
        insert into Lecture(empno, lecturetime, capacity) values(1, '2020-03-16 10:00:00', 5);
        insert into Lecture(empno, lecturetime, capacity) values(1, '2020-03-16 19:00:00', 5);
        insert into Lecture(empno, lecturetime, capacity) values(1, '2020-03-16 20:00:00', 5);
        insert into Lecture(empno, lecturetime, capacity) values(1, '2020-03-17 09:00:00', 5);
        insert into Lecture(empno, lecturetime, capacity) values(1, '2020-03-17 10:00:00', 5);
        insert into Lecture(empno, lecturetime, capacity) values(1, '2020-03-17 19:00:00', 5);
        insert into Lecture(empno, lecturetime, capacity) values(1, '2020-03-17 20:00:00', 5);
        insert into Lecture(empno, lecturetime, capacity) values(1, '2020-03-18 09:00:00', 5);
        insert into Lecture(empno, lecturetime, capacity) values(1, '2020-03-18 10:00:00', 5);
        insert into Lecture(empno, lecturetime, capacity) values(1, '2020-03-18 19:00:00', 5);
        insert into Lecture(empno, lecturetime, capacity) values(1, '2020-03-18 20:00:00', 5);
        insert into Lecture(empno, lecturetime, capacity) values(1, '2020-03-19 09:00:00', 5);
        insert into Lecture(empno, lecturetime, capacity) values(1, '2020-03-19 10:00:00', 5);
        insert into Lecture(empno, lecturetime, capacity) values(1, '2020-03-19 19:00:00', 5);
        insert into Lecture(empno, lecturetime, capacity) values(1, '2020-03-19 20:00:00', 5);
        insert into Lecture(empno, lecturetime, capacity) values(1, '2020-03-20 09:00:00', 5);
        insert into Lecture(empno, lecturetime, capacity) values(1, '2020-03-20 10:00:00', 5);
        insert into Lecture(empno, lecturetime, capacity) values(1, '2020-03-20 19:00:00', 5);
        insert into Lecture(empno, lecturetime, capacity) values(1, '2020-03-20 20:00:00', 5);
        insert into Lecture(empno, lecturetime, capacity) values(1, '2020-03-21 09:00:00', 5);
        insert into Lecture(empno, lecturetime, capacity) values(1, '2020-03-21 10:00:00', 5);
        insert into Lecture(empno, lecturetime, capacity) values(1, '2020-03-21 19:00:00', 5);
        insert into Lecture(empno, lecturetime, capacity) values(1, '2020-03-21 20:00:00', 5);
        insert into Lecture(empno, lecturetime, capacity) values(1, '2020-03-22 09:00:00', 5);
        insert into Lecture(empno, lecturetime, capacity) values(1, '2020-03-22 10:00:00', 5);
        insert into Lecture(empno, lecturetime, capacity) values(1, '2020-03-22 19:00:00', 5);
        insert into Lecture(empno, lecturetime, capacity) values(1, '2020-03-22 20:00:00', 5);
        insert into Lecture(empno, lecturetime, capacity) values(1, '2020-03-23 09:00:00', 5);
        insert into Lecture(empno, lecturetime, capacity) values(1, '2020-03-23 10:00:00', 5);
        insert into Lecture(empno, lecturetime, capacity) values(1, '2020-03-23 19:00:00', 5);
        insert into Lecture(empno, lecturetime, capacity) values(1, '2020-03-23 20:00:00', 5);
        insert into Lecture(empno, lecturetime, capacity) values(1, '2020-03-24 09:00:00', 5);
        insert into Lecture(empno, lecturetime, capacity) values(1, '2020-03-24 10:00:00', 5);
        insert into Lecture(empno, lecturetime, capacity) values(1, '2020-03-24 19:00:00', 5);
        insert into Lecture(empno, lecturetime, capacity) values(1, '2020-03-24 20:00:00', 5);
        insert into Lecture(empno, lecturetime, capacity) values(1, '2020-03-25 09:00:00', 5);
        insert into Lecture(empno, lecturetime, capacity) values(1, '2020-03-25 10:00:00', 5);
        insert into Lecture(empno, lecturetime, capacity) values(1, '2020-03-25 19:00:00', 5);
        insert into Lecture(empno, lecturetime, capacity) values(1, '2020-03-25 20:00:00', 5);
        insert into Lecture(empno, lecturetime, capacity) values(1, '2020-03-26 09:00:00', 5);
        insert into Lecture(empno, lecturetime, capacity) values(1, '2020-03-26 10:00:00', 5);
        insert into Lecture(empno, lecturetime, capacity) values(1, '2020-03-26 19:00:00', 5);
        insert into Lecture(empno, lecturetime, capacity) values(1, '2020-03-26 20:00:00', 5);
        insert into Lecture(empno, lecturetime, capacity) values(1, '2020-03-27 09:00:00', 5);
        insert into Lecture(empno, lecturetime, capacity) values(1, '2020-03-27 10:00:00', 5);
        insert into Lecture(empno, lecturetime, capacity) values(1, '2020-03-27 19:00:00', 5);
        insert into Lecture(empno, lecturetime, capacity) values(1, '2020-03-27 20:00:00', 5);
        insert into Lecture(empno, lecturetime, capacity) values(1, '2020-03-28 09:00:00', 5);
        insert into Lecture(empno, lecturetime, capacity) values(1, '2020-03-28 10:00:00', 5);
        insert into Lecture(empno, lecturetime, capacity) values(1, '2020-03-28 19:00:00', 5);
        insert into Lecture(empno, lecturetime, capacity) values(1, '2020-03-28 20:00:00', 5);
        insert into Lecture(empno, lecturetime, capacity) values(1, '2020-03-29 09:00:00', 5);
        insert into Lecture(empno, lecturetime, capacity) values(1, '2020-03-29 10:00:00', 5);
        insert into Lecture(empno, lecturetime, capacity) values(1, '2020-03-29 19:00:00', 5);
        insert into Lecture(empno, lecturetime, capacity) values(1, '2020-03-29 20:00:00', 5);
        insert into Lecture(empno, lecturetime, capacity) values(1, '2020-03-30 09:00:00', 5);
        insert into Lecture(empno, lecturetime, capacity) values(1, '2020-03-30 10:00:00', 5);
        insert into Lecture(empno, lecturetime, capacity) values(1, '2020-03-30 19:00:00', 5);
        insert into Lecture(empno, lecturetime, capacity) values(1, '2020-03-30 20:00:00', 5);
        insert into Lecture(empno, lecturetime, capacity) values(1, '2020-03-31 09:00:00', 5);
        insert into Lecture(empno, lecturetime, capacity) values(1, '2020-03-31 10:00:00', 5);
        insert into Lecture(empno, lecturetime, capacity) values(1, '2020-03-31 19:00:00', 5);
        insert into Lecture(empno, lecturetime, capacity) values(1, '2020-03-31 20:00:00', 5);
        
        insert into Lecture(empno, lecturetime, capacity) values(2, '2020-02-14 09:00:00', 5);
        insert into Lecture(empno, lecturetime, capacity) values(2, '2020-02-14 10:00:00', 5);
        insert into Lecture(empno, lecturetime, capacity) values(2, '2020-02-14 19:00:00', 5);
        insert into Lecture(empno, lecturetime, capacity) values(2, '2020-02-14 20:00:00', 5);
        insert into Lecture(empno, lecturetime, capacity) values(2, '2020-02-15 09:00:00', 5);
        insert into Lecture(empno, lecturetime, capacity) values(2, '2020-02-15 10:00:00', 5);
        insert into Lecture(empno, lecturetime, capacity) values(2, '2020-02-15 19:00:00', 5);
        insert into Lecture(empno, lecturetime, capacity) values(2, '2020-02-15 20:00:00', 5);
        insert into Lecture(empno, lecturetime, capacity) values(2, '2020-02-16 09:00:00', 5);
        insert into Lecture(empno, lecturetime, capacity) values(2, '2020-02-16 10:00:00', 5);
        insert into Lecture(empno, lecturetime, capacity) values(2, '2020-02-16 19:00:00', 5);
        insert into Lecture(empno, lecturetime, capacity) values(2, '2020-02-16 20:00:00', 5);
        insert into Lecture(empno, lecturetime, capacity) values(2, '2020-02-17 09:00:00', 5);
        insert into Lecture(empno, lecturetime, capacity) values(2, '2020-02-17 10:00:00', 5);
        insert into Lecture(empno, lecturetime, capacity) values(2, '2020-02-17 19:00:00', 5);
        insert into Lecture(empno, lecturetime, capacity) values(2, '2020-02-17 20:00:00', 5);
        insert into Lecture(empno, lecturetime, capacity) values(2, '2020-02-18 09:00:00', 5);
        insert into Lecture(empno, lecturetime, capacity) values(2, '2020-02-18 10:00:00', 5);
        insert into Lecture(empno, lecturetime, capacity) values(2, '2020-02-18 19:00:00', 5);
        insert into Lecture(empno, lecturetime, capacity) values(2, '2020-02-18 20:00:00', 5);
        insert into Lecture(empno, lecturetime, capacity) values(2, '2020-02-19 09:00:00', 5);
        insert into Lecture(empno, lecturetime, capacity) values(2, '2020-02-19 10:00:00', 5);
        insert into Lecture(empno, lecturetime, capacity) values(2, '2020-02-19 19:00:00', 5);
        insert into Lecture(empno, lecturetime, capacity) values(2, '2020-02-19 20:00:00', 5);
        insert into Lecture(empno, lecturetime, capacity) values(2, '2020-02-20 09:00:00', 5);
        insert into Lecture(empno, lecturetime, capacity) values(2, '2020-02-20 10:00:00', 5);
        insert into Lecture(empno, lecturetime, capacity) values(2, '2020-02-20 19:00:00', 5);
        insert into Lecture(empno, lecturetime, capacity) values(2, '2020-02-20 20:00:00', 5);
        insert into Lecture(empno, lecturetime, capacity) values(2, '2020-02-21 09:00:00', 5);
        insert into Lecture(empno, lecturetime, capacity) values(2, '2020-02-21 10:00:00', 5);
        insert into Lecture(empno, lecturetime, capacity) values(2, '2020-02-21 19:00:00', 5);
        insert into Lecture(empno, lecturetime, capacity) values(2, '2020-02-21 20:00:00', 5);
        insert into Lecture(empno, lecturetime, capacity) values(2, '2020-02-22 09:00:00', 5);
        insert into Lecture(empno, lecturetime, capacity) values(2, '2020-02-22 10:00:00', 5);
        insert into Lecture(empno, lecturetime, capacity) values(2, '2020-02-22 19:00:00', 5);
        insert into Lecture(empno, lecturetime, capacity) values(2, '2020-02-22 20:00:00', 5);
        insert into Lecture(empno, lecturetime, capacity) values(2, '2020-02-23 09:00:00', 5);
        insert into Lecture(empno, lecturetime, capacity) values(2, '2020-02-23 10:00:00', 5);
        insert into Lecture(empno, lecturetime, capacity) values(2, '2020-02-23 19:00:00', 5);
        insert into Lecture(empno, lecturetime, capacity) values(2, '2020-02-23 20:00:00', 5);
        insert into Lecture(empno, lecturetime, capacity) values(2, '2020-02-24 09:00:00', 5);
        insert into Lecture(empno, lecturetime, capacity) values(2, '2020-02-24 10:00:00', 5);
        insert into Lecture(empno, lecturetime, capacity) values(2, '2020-02-24 19:00:00', 5);
        insert into Lecture(empno, lecturetime, capacity) values(2, '2020-02-24 20:00:00', 5);
        insert into Lecture(empno, lecturetime, capacity) values(2, '2020-02-25 09:00:00', 5);
        insert into Lecture(empno, lecturetime, capacity) values(2, '2020-02-25 10:00:00', 5);
        insert into Lecture(empno, lecturetime, capacity) values(2, '2020-02-25 19:00:00', 5);
        insert into Lecture(empno, lecturetime, capacity) values(2, '2020-02-25 20:00:00', 5);
        insert into Lecture(empno, lecturetime, capacity) values(2, '2020-02-26 09:00:00', 5);
        insert into Lecture(empno, lecturetime, capacity) values(2, '2020-02-26 10:00:00', 5);
        insert into Lecture(empno, lecturetime, capacity) values(2, '2020-02-26 19:00:00', 5);
        insert into Lecture(empno, lecturetime, capacity) values(2, '2020-02-26 20:00:00', 5);
        insert into Lecture(empno, lecturetime, capacity) values(2, '2020-02-27 09:00:00', 5);
        insert into Lecture(empno, lecturetime, capacity) values(2, '2020-02-27 10:00:00', 5);
        insert into Lecture(empno, lecturetime, capacity) values(2, '2020-02-27 19:00:00', 5);
        insert into Lecture(empno, lecturetime, capacity) values(2, '2020-02-27 20:00:00', 5);
        insert into Lecture(empno, lecturetime, capacity) values(2, '2020-02-28 09:00:00', 5);
        insert into Lecture(empno, lecturetime, capacity) values(2, '2020-02-28 10:00:00', 5);
        insert into Lecture(empno, lecturetime, capacity) values(2, '2020-02-28 19:00:00', 5);
        insert into Lecture(empno, lecturetime, capacity) values(2, '2020-02-28 20:00:00', 5);
        insert into Lecture(empno, lecturetime, capacity) values(2, '2020-02-29 09:00:00', 5);
        insert into Lecture(empno, lecturetime, capacity) values(2, '2020-02-29 10:00:00', 5);
        insert into Lecture(empno, lecturetime, capacity) values(2, '2020-02-29 19:00:00', 5);
        insert into Lecture(empno, lecturetime, capacity) values(2, '2020-02-29 20:00:00', 5);
        insert into Lecture(empno, lecturetime, capacity) values(2, '2020-03-1 09:00:00', 5);
        insert into Lecture(empno, lecturetime, capacity) values(2, '2020-03-1 10:00:00', 5);
        insert into Lecture(empno, lecturetime, capacity) values(2, '2020-03-1 19:00:00', 5);
        insert into Lecture(empno, lecturetime, capacity) values(2, '2020-03-1 20:00:00', 5);
        insert into Lecture(empno, lecturetime, capacity) values(2, '2020-03-2 09:00:00', 5);
        insert into Lecture(empno, lecturetime, capacity) values(2, '2020-03-2 10:00:00', 5);
        insert into Lecture(empno, lecturetime, capacity) values(2, '2020-03-2 19:00:00', 5);
        insert into Lecture(empno, lecturetime, capacity) values(2, '2020-03-2 20:00:00', 5);
        insert into Lecture(empno, lecturetime, capacity) values(2, '2020-03-3 09:00:00', 5);
        insert into Lecture(empno, lecturetime, capacity) values(2, '2020-03-3 10:00:00', 5);
        insert into Lecture(empno, lecturetime, capacity) values(2, '2020-03-3 19:00:00', 5);
        insert into Lecture(empno, lecturetime, capacity) values(2, '2020-03-3 20:00:00', 5);
        insert into Lecture(empno, lecturetime, capacity) values(2, '2020-03-4 09:00:00', 5);
        insert into Lecture(empno, lecturetime, capacity) values(2, '2020-03-4 10:00:00', 5);
        insert into Lecture(empno, lecturetime, capacity) values(2, '2020-03-4 19:00:00', 5);
        insert into Lecture(empno, lecturetime, capacity) values(2, '2020-03-4 20:00:00', 5);
        insert into Lecture(empno, lecturetime, capacity) values(2, '2020-03-5 09:00:00', 5);
        insert into Lecture(empno, lecturetime, capacity) values(2, '2020-03-5 10:00:00', 5);
        insert into Lecture(empno, lecturetime, capacity) values(2, '2020-03-5 19:00:00', 5);
        insert into Lecture(empno, lecturetime, capacity) values(2, '2020-03-5 20:00:00', 5);
        insert into Lecture(empno, lecturetime, capacity) values(2, '2020-03-6 09:00:00', 5);
        insert into Lecture(empno, lecturetime, capacity) values(2, '2020-03-6 10:00:00', 5);
        insert into Lecture(empno, lecturetime, capacity) values(2, '2020-03-6 19:00:00', 5);
        insert into Lecture(empno, lecturetime, capacity) values(2, '2020-03-6 20:00:00', 5);
        insert into Lecture(empno, lecturetime, capacity) values(2, '2020-03-7 09:00:00', 5);
        insert into Lecture(empno, lecturetime, capacity) values(2, '2020-03-7 10:00:00', 5);
        insert into Lecture(empno, lecturetime, capacity) values(2, '2020-03-7 19:00:00', 5);
        insert into Lecture(empno, lecturetime, capacity) values(2, '2020-03-7 20:00:00', 5);
        insert into Lecture(empno, lecturetime, capacity) values(2, '2020-03-8 09:00:00', 5);
        insert into Lecture(empno, lecturetime, capacity) values(2, '2020-03-8 10:00:00', 5);
        insert into Lecture(empno, lecturetime, capacity) values(2, '2020-03-8 19:00:00', 5);
        insert into Lecture(empno, lecturetime, capacity) values(2, '2020-03-8 20:00:00', 5);
        insert into Lecture(empno, lecturetime, capacity) values(2, '2020-03-9 09:00:00', 5);
        insert into Lecture(empno, lecturetime, capacity) values(2, '2020-03-9 10:00:00', 5);
        insert into Lecture(empno, lecturetime, capacity) values(2, '2020-03-9 19:00:00', 5);
        insert into Lecture(empno, lecturetime, capacity) values(2, '2020-03-9 20:00:00', 5);
        insert into Lecture(empno, lecturetime, capacity) values(2, '2020-03-10 09:00:00', 5);
        insert into Lecture(empno, lecturetime, capacity) values(2, '2020-03-10 10:00:00', 5);
        insert into Lecture(empno, lecturetime, capacity) values(2, '2020-03-10 19:00:00', 5);
        insert into Lecture(empno, lecturetime, capacity) values(2, '2020-03-10 20:00:00', 5);
        insert into Lecture(empno, lecturetime, capacity) values(2, '2020-03-11 09:00:00', 5);
        insert into Lecture(empno, lecturetime, capacity) values(2, '2020-03-11 10:00:00', 5);
        insert into Lecture(empno, lecturetime, capacity) values(2, '2020-03-11 19:00:00', 5);
        insert into Lecture(empno, lecturetime, capacity) values(2, '2020-03-11 20:00:00', 5);
        insert into Lecture(empno, lecturetime, capacity) values(2, '2020-03-12 09:00:00', 5);
        insert into Lecture(empno, lecturetime, capacity) values(2, '2020-03-12 10:00:00', 5);
        insert into Lecture(empno, lecturetime, capacity) values(2, '2020-03-12 19:00:00', 5);
        insert into Lecture(empno, lecturetime, capacity) values(2, '2020-03-12 20:00:00', 5);
        insert into Lecture(empno, lecturetime, capacity) values(2, '2020-03-13 09:00:00', 5);
        insert into Lecture(empno, lecturetime, capacity) values(2, '2020-03-13 10:00:00', 5);
        insert into Lecture(empno, lecturetime, capacity) values(2, '2020-03-13 19:00:00', 5);
        insert into Lecture(empno, lecturetime, capacity) values(2, '2020-03-13 20:00:00', 5);
        insert into Lecture(empno, lecturetime, capacity) values(2, '2020-03-14 09:00:00', 5);
        insert into Lecture(empno, lecturetime, capacity) values(2, '2020-03-14 10:00:00', 5);
        insert into Lecture(empno, lecturetime, capacity) values(2, '2020-03-14 19:00:00', 5);
        insert into Lecture(empno, lecturetime, capacity) values(2, '2020-03-14 20:00:00', 5);
        insert into Lecture(empno, lecturetime, capacity) values(2, '2020-03-15 09:00:00', 5);
        insert into Lecture(empno, lecturetime, capacity) values(2, '2020-03-15 10:00:00', 5);
        insert into Lecture(empno, lecturetime, capacity) values(2, '2020-03-15 19:00:00', 5);
        insert into Lecture(empno, lecturetime, capacity) values(2, '2020-03-15 20:00:00', 5);
        insert into Lecture(empno, lecturetime, capacity) values(2, '2020-03-16 09:00:00', 5);
        insert into Lecture(empno, lecturetime, capacity) values(2, '2020-03-16 10:00:00', 5);
        insert into Lecture(empno, lecturetime, capacity) values(2, '2020-03-16 19:00:00', 5);
        insert into Lecture(empno, lecturetime, capacity) values(2, '2020-03-16 20:00:00', 5);
        insert into Lecture(empno, lecturetime, capacity) values(2, '2020-03-17 09:00:00', 5);
        insert into Lecture(empno, lecturetime, capacity) values(2, '2020-03-17 10:00:00', 5);
        insert into Lecture(empno, lecturetime, capacity) values(2, '2020-03-17 19:00:00', 5);
        insert into Lecture(empno, lecturetime, capacity) values(2, '2020-03-17 20:00:00', 5);
        insert into Lecture(empno, lecturetime, capacity) values(2, '2020-03-18 09:00:00', 5);
        insert into Lecture(empno, lecturetime, capacity) values(2, '2020-03-18 10:00:00', 5);
        insert into Lecture(empno, lecturetime, capacity) values(2, '2020-03-18 19:00:00', 5);
        insert into Lecture(empno, lecturetime, capacity) values(2, '2020-03-18 20:00:00', 5);
        insert into Lecture(empno, lecturetime, capacity) values(2, '2020-03-19 09:00:00', 5);
        insert into Lecture(empno, lecturetime, capacity) values(2, '2020-03-19 10:00:00', 5);
        insert into Lecture(empno, lecturetime, capacity) values(2, '2020-03-19 19:00:00', 5);
        insert into Lecture(empno, lecturetime, capacity) values(2, '2020-03-19 20:00:00', 5);
        insert into Lecture(empno, lecturetime, capacity) values(2, '2020-03-20 09:00:00', 5);
        insert into Lecture(empno, lecturetime, capacity) values(2, '2020-03-20 10:00:00', 5);
        insert into Lecture(empno, lecturetime, capacity) values(2, '2020-03-20 19:00:00', 5);
        insert into Lecture(empno, lecturetime, capacity) values(2, '2020-03-20 20:00:00', 5);
        insert into Lecture(empno, lecturetime, capacity) values(2, '2020-03-21 09:00:00', 5);
        insert into Lecture(empno, lecturetime, capacity) values(2, '2020-03-21 10:00:00', 5);
        insert into Lecture(empno, lecturetime, capacity) values(2, '2020-03-21 19:00:00', 5);
        insert into Lecture(empno, lecturetime, capacity) values(2, '2020-03-21 20:00:00', 5);
        insert into Lecture(empno, lecturetime, capacity) values(2, '2020-03-22 09:00:00', 5);
        insert into Lecture(empno, lecturetime, capacity) values(2, '2020-03-22 10:00:00', 5);
        insert into Lecture(empno, lecturetime, capacity) values(2, '2020-03-22 19:00:00', 5);
        insert into Lecture(empno, lecturetime, capacity) values(2, '2020-03-22 20:00:00', 5);
        insert into Lecture(empno, lecturetime, capacity) values(2, '2020-03-23 09:00:00', 5);
        insert into Lecture(empno, lecturetime, capacity) values(2, '2020-03-23 10:00:00', 5);
        insert into Lecture(empno, lecturetime, capacity) values(2, '2020-03-23 19:00:00', 5);
        insert into Lecture(empno, lecturetime, capacity) values(2, '2020-03-23 20:00:00', 5);
        insert into Lecture(empno, lecturetime, capacity) values(2, '2020-03-24 09:00:00', 5);
        insert into Lecture(empno, lecturetime, capacity) values(2, '2020-03-24 10:00:00', 5);
        insert into Lecture(empno, lecturetime, capacity) values(2, '2020-03-24 19:00:00', 5);
        insert into Lecture(empno, lecturetime, capacity) values(2, '2020-03-24 20:00:00', 5);
        insert into Lecture(empno, lecturetime, capacity) values(2, '2020-03-25 09:00:00', 5);
        insert into Lecture(empno, lecturetime, capacity) values(2, '2020-03-25 10:00:00', 5);
        insert into Lecture(empno, lecturetime, capacity) values(2, '2020-03-25 19:00:00', 5);
        insert into Lecture(empno, lecturetime, capacity) values(2, '2020-03-25 20:00:00', 5);
        insert into Lecture(empno, lecturetime, capacity) values(2, '2020-03-26 09:00:00', 5);
        insert into Lecture(empno, lecturetime, capacity) values(2, '2020-03-26 10:00:00', 5);
        insert into Lecture(empno, lecturetime, capacity) values(2, '2020-03-26 19:00:00', 5);
        insert into Lecture(empno, lecturetime, capacity) values(2, '2020-03-26 20:00:00', 5);
        insert into Lecture(empno, lecturetime, capacity) values(2, '2020-03-27 09:00:00', 5);
        insert into Lecture(empno, lecturetime, capacity) values(2, '2020-03-27 10:00:00', 5);
        insert into Lecture(empno, lecturetime, capacity) values(2, '2020-03-27 19:00:00', 5);
        insert into Lecture(empno, lecturetime, capacity) values(2, '2020-03-27 20:00:00', 5);
        insert into Lecture(empno, lecturetime, capacity) values(2, '2020-03-28 09:00:00', 5);
        insert into Lecture(empno, lecturetime, capacity) values(2, '2020-03-28 10:00:00', 5);
        insert into Lecture(empno, lecturetime, capacity) values(2, '2020-03-28 19:00:00', 5);
        insert into Lecture(empno, lecturetime, capacity) values(2, '2020-03-28 20:00:00', 5);
        insert into Lecture(empno, lecturetime, capacity) values(2, '2020-03-29 09:00:00', 5);
        insert into Lecture(empno, lecturetime, capacity) values(2, '2020-03-29 10:00:00', 5);
        insert into Lecture(empno, lecturetime, capacity) values(2, '2020-03-29 19:00:00', 5);
        insert into Lecture(empno, lecturetime, capacity) values(2, '2020-03-29 20:00:00', 5);
        insert into Lecture(empno, lecturetime, capacity) values(2, '2020-03-30 09:00:00', 5);
        insert into Lecture(empno, lecturetime, capacity) values(2, '2020-03-30 10:00:00', 5);
        insert into Lecture(empno, lecturetime, capacity) values(2, '2020-03-30 19:00:00', 5);
        insert into Lecture(empno, lecturetime, capacity) values(2, '2020-03-30 20:00:00', 5);
        insert into Lecture(empno, lecturetime, capacity) values(2, '2020-03-31 09:00:00', 5);
        insert into Lecture(empno, lecturetime, capacity) values(2, '2020-03-31 10:00:00', 5);
        insert into Lecture(empno, lecturetime, capacity) values(2, '2020-03-31 19:00:00', 5);
        insert into Lecture(empno, lecturetime, capacity) values(2, '2020-03-31 20:00:00', 5);
		  
		  insert into Lecture(empno, lecturetime, capacity) values(3, '2020-02-14 09:00:00', 5);
        insert into Lecture(empno, lecturetime, capacity) values(3, '2020-02-14 10:00:00', 5);
        insert into Lecture(empno, lecturetime, capacity) values(3, '2020-02-14 19:00:00', 5);
        insert into Lecture(empno, lecturetime, capacity) values(3, '2020-02-14 20:00:00', 5);
        insert into Lecture(empno, lecturetime, capacity) values(3, '2020-02-15 09:00:00', 5);
        insert into Lecture(empno, lecturetime, capacity) values(3, '2020-02-15 10:00:00', 5);
        insert into Lecture(empno, lecturetime, capacity) values(3, '2020-02-15 19:00:00', 5);
        insert into Lecture(empno, lecturetime, capacity) values(3, '2020-02-15 20:00:00', 5);
        insert into Lecture(empno, lecturetime, capacity) values(3, '2020-02-17 09:00:00', 5);
        insert into Lecture(empno, lecturetime, capacity) values(3, '2020-02-17 10:00:00', 5);
        insert into Lecture(empno, lecturetime, capacity) values(3, '2020-02-17 19:00:00', 5);
        insert into Lecture(empno, lecturetime, capacity) values(3, '2020-02-17 20:00:00', 5);
        insert into Lecture(empno, lecturetime, capacity) values(3, '2020-02-18 09:00:00', 5);
        insert into Lecture(empno, lecturetime, capacity) values(3, '2020-02-18 10:00:00', 5);
        insert into Lecture(empno, lecturetime, capacity) values(3, '2020-02-18 19:00:00', 5);
        insert into Lecture(empno, lecturetime, capacity) values(3, '2020-02-18 20:00:00', 5);
        insert into Lecture(empno, lecturetime, capacity) values(3, '2020-02-19 09:00:00', 5);
        insert into Lecture(empno, lecturetime, capacity) values(3, '2020-02-19 10:00:00', 5);
        insert into Lecture(empno, lecturetime, capacity) values(3, '2020-02-19 19:00:00', 5);
        insert into Lecture(empno, lecturetime, capacity) values(3, '2020-02-19 20:00:00', 5);
        insert into Lecture(empno, lecturetime, capacity) values(3, '2020-02-20 09:00:00', 5);
        insert into Lecture(empno, lecturetime, capacity) values(3, '2020-02-20 10:00:00', 5);
        insert into Lecture(empno, lecturetime, capacity) values(3, '2020-02-20 19:00:00', 5);
        insert into Lecture(empno, lecturetime, capacity) values(3, '2020-02-20 20:00:00', 5);
        insert into Lecture(empno, lecturetime, capacity) values(3, '2020-02-21 09:00:00', 5);
        insert into Lecture(empno, lecturetime, capacity) values(3, '2020-02-21 10:00:00', 5);
        insert into Lecture(empno, lecturetime, capacity) values(3, '2020-02-21 19:00:00', 5);
        insert into Lecture(empno, lecturetime, capacity) values(3, '2020-02-21 20:00:00', 5);
        insert into Lecture(empno, lecturetime, capacity) values(3, '2020-02-22 09:00:00', 5);
        insert into Lecture(empno, lecturetime, capacity) values(3, '2020-02-22 10:00:00', 5);
        insert into Lecture(empno, lecturetime, capacity) values(3, '2020-02-22 19:00:00', 5);
        insert into Lecture(empno, lecturetime, capacity) values(3, '2020-02-22 20:00:00', 5);
        insert into Lecture(empno, lecturetime, capacity) values(3, '2020-02-24 09:00:00', 5);
        insert into Lecture(empno, lecturetime, capacity) values(3, '2020-02-24 10:00:00', 5);
        insert into Lecture(empno, lecturetime, capacity) values(3, '2020-02-24 19:00:00', 5);
        insert into Lecture(empno, lecturetime, capacity) values(3, '2020-02-24 20:00:00', 5);
        insert into Lecture(empno, lecturetime, capacity) values(3, '2020-02-25 09:00:00', 5);
        insert into Lecture(empno, lecturetime, capacity) values(3, '2020-02-25 10:00:00', 5);
        insert into Lecture(empno, lecturetime, capacity) values(3, '2020-02-25 19:00:00', 5);
        insert into Lecture(empno, lecturetime, capacity) values(3, '2020-02-25 20:00:00', 5);
        insert into Lecture(empno, lecturetime, capacity) values(3, '2020-02-26 09:00:00', 5);
        insert into Lecture(empno, lecturetime, capacity) values(3, '2020-02-26 10:00:00', 5);
        insert into Lecture(empno, lecturetime, capacity) values(3, '2020-02-26 19:00:00', 5);
        insert into Lecture(empno, lecturetime, capacity) values(3, '2020-02-26 20:00:00', 5);
        insert into Lecture(empno, lecturetime, capacity) values(3, '2020-02-27 09:00:00', 5);
        insert into Lecture(empno, lecturetime, capacity) values(3, '2020-02-27 10:00:00', 5);
        insert into Lecture(empno, lecturetime, capacity) values(3, '2020-02-27 19:00:00', 5);
        insert into Lecture(empno, lecturetime, capacity) values(3, '2020-02-27 20:00:00', 5);
        insert into Lecture(empno, lecturetime, capacity) values(3, '2020-02-28 09:00:00', 5);
        insert into Lecture(empno, lecturetime, capacity) values(3, '2020-02-28 10:00:00', 5);
        insert into Lecture(empno, lecturetime, capacity) values(3, '2020-02-28 19:00:00', 5);
        insert into Lecture(empno, lecturetime, capacity) values(3, '2020-02-28 20:00:00', 5);
        insert into Lecture(empno, lecturetime, capacity) values(3, '2020-02-29 09:00:00', 5);
        insert into Lecture(empno, lecturetime, capacity) values(3, '2020-02-29 10:00:00', 5);
        insert into Lecture(empno, lecturetime, capacity) values(3, '2020-02-29 19:00:00', 5);
        insert into Lecture(empno, lecturetime, capacity) values(3, '2020-02-29 20:00:00', 5);
        insert into Lecture(empno, lecturetime, capacity) values(3, '2020-03-01 09:00:00', 5);
        insert into Lecture(empno, lecturetime, capacity) values(3, '2020-03-01 10:00:00', 5);
        insert into Lecture(empno, lecturetime, capacity) values(3, '2020-03-01 19:00:00', 5);
        insert into Lecture(empno, lecturetime, capacity) values(3, '2020-03-01 20:00:00', 5);
        insert into Lecture(empno, lecturetime, capacity) values(3, '2020-03-02 09:00:00', 5);
        insert into Lecture(empno, lecturetime, capacity) values(3, '2020-03-02 10:00:00', 5);
        insert into Lecture(empno, lecturetime, capacity) values(3, '2020-03-02 19:00:00', 5);
        insert into Lecture(empno, lecturetime, capacity) values(3, '2020-03-02 20:00:00', 5);
        insert into Lecture(empno, lecturetime, capacity) values(3, '2020-03-03 09:00:00', 5);
        insert into Lecture(empno, lecturetime, capacity) values(3, '2020-03-03 10:00:00', 5);
        insert into Lecture(empno, lecturetime, capacity) values(3, '2020-03-03 19:00:00', 5);
        insert into Lecture(empno, lecturetime, capacity) values(3, '2020-03-03 20:00:00', 5);
        insert into Lecture(empno, lecturetime, capacity) values(3, '2020-03-04 09:00:00', 5);
        insert into Lecture(empno, lecturetime, capacity) values(3, '2020-03-04 10:00:00', 5);
        insert into Lecture(empno, lecturetime, capacity) values(3, '2020-03-04 19:00:00', 5);
        insert into Lecture(empno, lecturetime, capacity) values(3, '2020-03-04 20:00:00', 5);
        insert into Lecture(empno, lecturetime, capacity) values(3, '2020-03-05 09:00:00', 5);
        insert into Lecture(empno, lecturetime, capacity) values(3, '2020-03-05 10:00:00', 5);
        insert into Lecture(empno, lecturetime, capacity) values(3, '2020-03-05 19:00:00', 5);
        insert into Lecture(empno, lecturetime, capacity) values(3, '2020-03-05 20:00:00', 5);
        insert into Lecture(empno, lecturetime, capacity) values(3, '2020-03-06 09:00:00', 5);
        insert into Lecture(empno, lecturetime, capacity) values(3, '2020-03-06 10:00:00', 5);
        insert into Lecture(empno, lecturetime, capacity) values(3, '2020-03-06 19:00:00', 5);
        insert into Lecture(empno, lecturetime, capacity) values(3, '2020-03-06 20:00:00', 5);
        insert into Lecture(empno, lecturetime, capacity) values(3, '2020-03-07 09:00:00', 5);
        insert into Lecture(empno, lecturetime, capacity) values(3, '2020-03-07 10:00:00', 5);
        insert into Lecture(empno, lecturetime, capacity) values(3, '2020-03-07 19:00:00', 5);
        insert into Lecture(empno, lecturetime, capacity) values(3, '2020-03-07 20:00:00', 5);
        insert into Lecture(empno, lecturetime, capacity) values(3, '2020-03-08 09:00:00', 5);
        insert into Lecture(empno, lecturetime, capacity) values(3, '2020-03-08 10:00:00', 5);
        insert into Lecture(empno, lecturetime, capacity) values(3, '2020-03-08 19:00:00', 5);
        insert into Lecture(empno, lecturetime, capacity) values(3, '2020-03-08 20:00:00', 5);
        insert into Lecture(empno, lecturetime, capacity) values(3, '2020-03-09 09:00:00', 5);
        insert into Lecture(empno, lecturetime, capacity) values(3, '2020-03-09 10:00:00', 5);
        insert into Lecture(empno, lecturetime, capacity) values(3, '2020-03-09 19:00:00', 5);
        insert into Lecture(empno, lecturetime, capacity) values(3, '2020-03-09 20:00:00', 5);
        insert into Lecture(empno, lecturetime, capacity) values(3, '2020-03-10 09:00:00', 5);
        insert into Lecture(empno, lecturetime, capacity) values(3, '2020-03-10 10:00:00', 5);
        insert into Lecture(empno, lecturetime, capacity) values(3, '2020-03-10 19:00:00', 5);
        insert into Lecture(empno, lecturetime, capacity) values(3, '2020-03-10 20:00:00', 5);
        insert into Lecture(empno, lecturetime, capacity) values(3, '2020-03-11 09:00:00', 5);
        insert into Lecture(empno, lecturetime, capacity) values(3, '2020-03-11 10:00:00', 5);
        insert into Lecture(empno, lecturetime, capacity) values(3, '2020-03-11 19:00:00', 5);
        insert into Lecture(empno, lecturetime, capacity) values(3, '2020-03-11 20:00:00', 5);
        insert into Lecture(empno, lecturetime, capacity) values(3, '2020-03-12 09:00:00', 5);
        insert into Lecture(empno, lecturetime, capacity) values(3, '2020-03-12 10:00:00', 5);
        insert into Lecture(empno, lecturetime, capacity) values(3, '2020-03-12 19:00:00', 5);
        insert into Lecture(empno, lecturetime, capacity) values(3, '2020-03-12 20:00:00', 5);
        insert into Lecture(empno, lecturetime, capacity) values(3, '2020-03-13 09:00:00', 5);
        insert into Lecture(empno, lecturetime, capacity) values(3, '2020-03-13 10:00:00', 5);
        insert into Lecture(empno, lecturetime, capacity) values(3, '2020-03-13 19:00:00', 5);
        insert into Lecture(empno, lecturetime, capacity) values(3, '2020-03-13 20:00:00', 5);
        insert into Lecture(empno, lecturetime, capacity) values(3, '2020-03-14 09:00:00', 5);
        insert into Lecture(empno, lecturetime, capacity) values(3, '2020-03-14 10:00:00', 5);
        insert into Lecture(empno, lecturetime, capacity) values(3, '2020-03-14 19:00:00', 5);
        insert into Lecture(empno, lecturetime, capacity) values(3, '2020-03-14 20:00:00', 5);
        insert into Lecture(empno, lecturetime, capacity) values(3, '2020-03-15 09:00:00', 5);
        insert into Lecture(empno, lecturetime, capacity) values(3, '2020-03-15 10:00:00', 5);
        insert into Lecture(empno, lecturetime, capacity) values(3, '2020-03-15 19:00:00', 5);
        insert into Lecture(empno, lecturetime, capacity) values(3, '2020-03-15 20:00:00', 5);
        insert into Lecture(empno, lecturetime, capacity) values(3, '2020-03-16 09:00:00', 5);
        insert into Lecture(empno, lecturetime, capacity) values(3, '2020-03-16 10:00:00', 5);
        insert into Lecture(empno, lecturetime, capacity) values(3, '2020-03-16 19:00:00', 5);
        insert into Lecture(empno, lecturetime, capacity) values(3, '2020-03-16 20:00:00', 5);
        insert into Lecture(empno, lecturetime, capacity) values(3, '2020-03-17 09:00:00', 5);
        insert into Lecture(empno, lecturetime, capacity) values(3, '2020-03-17 10:00:00', 5);
        insert into Lecture(empno, lecturetime, capacity) values(3, '2020-03-17 19:00:00', 5);
        insert into Lecture(empno, lecturetime, capacity) values(3, '2020-03-17 20:00:00', 5);
        insert into Lecture(empno, lecturetime, capacity) values(3, '2020-03-18 09:00:00', 5);
        insert into Lecture(empno, lecturetime, capacity) values(3, '2020-03-18 10:00:00', 5);
        insert into Lecture(empno, lecturetime, capacity) values(3, '2020-03-18 19:00:00', 5);
        insert into Lecture(empno, lecturetime, capacity) values(3, '2020-03-18 20:00:00', 5);
        insert into Lecture(empno, lecturetime, capacity) values(3, '2020-03-19 09:00:00', 5);
        insert into Lecture(empno, lecturetime, capacity) values(3, '2020-03-19 10:00:00', 5);
        insert into Lecture(empno, lecturetime, capacity) values(3, '2020-03-19 19:00:00', 5);
        insert into Lecture(empno, lecturetime, capacity) values(3, '2020-03-19 20:00:00', 5);
        insert into Lecture(empno, lecturetime, capacity) values(3, '2020-03-20 09:00:00', 5);
        insert into Lecture(empno, lecturetime, capacity) values(3, '2020-03-20 10:00:00', 5);
        insert into Lecture(empno, lecturetime, capacity) values(3, '2020-03-20 19:00:00', 5);
        insert into Lecture(empno, lecturetime, capacity) values(3, '2020-03-20 20:00:00', 5);
        insert into Lecture(empno, lecturetime, capacity) values(3, '2020-03-21 09:00:00', 5);
        insert into Lecture(empno, lecturetime, capacity) values(3, '2020-03-21 10:00:00', 5);
        insert into Lecture(empno, lecturetime, capacity) values(3, '2020-03-21 19:00:00', 5);
        insert into Lecture(empno, lecturetime, capacity) values(3, '2020-03-21 20:00:00', 5);
        insert into Lecture(empno, lecturetime, capacity) values(3, '2020-03-22 09:00:00', 5);
        insert into Lecture(empno, lecturetime, capacity) values(3, '2020-03-22 10:00:00', 5);
        insert into Lecture(empno, lecturetime, capacity) values(3, '2020-03-22 19:00:00', 5);
        insert into Lecture(empno, lecturetime, capacity) values(3, '2020-03-22 20:00:00', 5);
        insert into Lecture(empno, lecturetime, capacity) values(3, '2020-03-23 09:00:00', 5);
        insert into Lecture(empno, lecturetime, capacity) values(3, '2020-03-23 10:00:00', 5);
        insert into Lecture(empno, lecturetime, capacity) values(3, '2020-03-23 19:00:00', 5);
        insert into Lecture(empno, lecturetime, capacity) values(3, '2020-03-23 20:00:00', 5);
        insert into Lecture(empno, lecturetime, capacity) values(3, '2020-03-24 09:00:00', 5);
        insert into Lecture(empno, lecturetime, capacity) values(3, '2020-03-24 10:00:00', 5);
        insert into Lecture(empno, lecturetime, capacity) values(3, '2020-03-24 19:00:00', 5);
        insert into Lecture(empno, lecturetime, capacity) values(3, '2020-03-24 20:00:00', 5);
        insert into Lecture(empno, lecturetime, capacity) values(3, '2020-03-25 09:00:00', 5);
        insert into Lecture(empno, lecturetime, capacity) values(3, '2020-03-25 10:00:00', 5);
        insert into Lecture(empno, lecturetime, capacity) values(3, '2020-03-25 19:00:00', 5);
        insert into Lecture(empno, lecturetime, capacity) values(3, '2020-03-25 20:00:00', 5);
        insert into Lecture(empno, lecturetime, capacity) values(3, '2020-03-26 09:00:00', 5);
        insert into Lecture(empno, lecturetime, capacity) values(3, '2020-03-26 10:00:00', 5);
        insert into Lecture(empno, lecturetime, capacity) values(3, '2020-03-26 19:00:00', 5);
        insert into Lecture(empno, lecturetime, capacity) values(3, '2020-03-26 20:00:00', 5);
        insert into Lecture(empno, lecturetime, capacity) values(3, '2020-03-27 09:00:00', 5);
        insert into Lecture(empno, lecturetime, capacity) values(3, '2020-03-27 10:00:00', 5);
        insert into Lecture(empno, lecturetime, capacity) values(3, '2020-03-27 19:00:00', 5);
        insert into Lecture(empno, lecturetime, capacity) values(3, '2020-03-27 20:00:00', 5);
        insert into Lecture(empno, lecturetime, capacity) values(3, '2020-03-28 09:00:00', 5);
        insert into Lecture(empno, lecturetime, capacity) values(3, '2020-03-28 10:00:00', 5);
        insert into Lecture(empno, lecturetime, capacity) values(3, '2020-03-28 19:00:00', 5);
        insert into Lecture(empno, lecturetime, capacity) values(3, '2020-03-28 20:00:00', 5);
        insert into Lecture(empno, lecturetime, capacity) values(3, '2020-03-29 09:00:00', 5);
        insert into Lecture(empno, lecturetime, capacity) values(3, '2020-03-29 10:00:00', 5);
        insert into Lecture(empno, lecturetime, capacity) values(3, '2020-03-29 19:00:00', 5);
        insert into Lecture(empno, lecturetime, capacity) values(3, '2020-03-29 20:00:00', 5);
        insert into Lecture(empno, lecturetime, capacity) values(3, '2020-03-30 09:00:00', 5);
        insert into Lecture(empno, lecturetime, capacity) values(3, '2020-03-30 10:00:00', 5);
        insert into Lecture(empno, lecturetime, capacity) values(3, '2020-03-30 19:00:00', 5);
        insert into Lecture(empno, lecturetime, capacity) values(3, '2020-03-30 20:00:00', 5);
        insert into Lecture(empno, lecturetime, capacity) values(3, '2020-03-31 09:00:00', 5);
        insert into Lecture(empno, lecturetime, capacity) values(3, '2020-03-31 10:00:00', 5);
        insert into Lecture(empno, lecturetime, capacity) values(3, '2020-03-31 19:00:00', 5);
        insert into Lecture(empno, lecturetime, capacity) values(3, '2020-03-31 20:00:00', 5);